{"loss": 0.14605577290058136, "_timestamp": 1671502092.93064, "_runtime": 31.280935049057007, "_step": 64, "_wandb": {"runtime": 30}}